crosswalk_id,msc_id,status,reason,artifact_index,url,resolved_url,host,extension,location_type,check_status,content_type,text_chars
rdamsc_c10,msc:c10,failed_unreachable,artifacts_unreachable,1,http://gcmd.nasa.gov/add/standards/difiso.html,http://gcmd.nasa.gov/add/standards/difiso.html,gcmd.nasa.gov,.html,document,fetch_error,,
rdamsc_c12,msc:c12,failed_unreachable,artifacts_unreachable,1,http://www.w3.org/TR/prov-dc/,http://www.w3.org/TR/prov-dc/,www.w3.org,(none),document,fetch_error,,
rdamsc_c13,msc:c13,ready,,1,https://github.com/gbif/eml-profile/raw/master/eml2iso19139.xsl,https://github.com/gbif/eml-profile/raw/master/eml2iso19139.xsl,github.com,.xsl,library (XML),fetched,text/plain; charset=utf-8,16849
rdamsc_c14,msc:c14,ready,,1,http://www.bgbm.org/tdwg/codata/Schema/Mappings/EURISCO-2-ABCD.pdf,http://www.bgbm.org/tdwg/codata/Schema/Mappings/EURISCO-2-ABCD.pdf,www.bgbm.org,.pdf,document,fetched,application/pdf,20464
rdamsc_c15,msc:c15,failed_unreachable,artifacts_unreachable,1,https://service.ncddc.noaa.gov/rdn/www/metadata-standards/metadata-xml/documents/Biological-to-ISO-Crosswalk-V1.xls,https://service.ncddc.noaa.gov/rdn/www/metadata-standards/metadata-xml/documents/Biological-to-ISO-Crosswalk-V1.xls,service.ncddc.noaa.gov,.xls,document,fetch_error,,
rdamsc_c15,msc:c15,failed_unreachable,artifacts_unreachable,2,https://service.ncddc.noaa.gov/rdn/www/metadata-standards/metadata-xml/documents/bio2iso19115-2.xslt,https://service.ncddc.noaa.gov/rdn/www/metadata-standards/metadata-xml/documents/bio2iso19115-2.xslt,service.ncddc.noaa.gov,.xslt,library (XML),fetch_error,,
rdamsc_c16,msc:c16,failed_unreachable,artifacts_unreachable,1,http://gcmd.nasa.gov/add/standards/fgdc_to_dif.html,http://gcmd.nasa.gov/add/standards/fgdc_to_dif.html,gcmd.nasa.gov,.html,document,fetch_error,,
rdamsc_c17,msc:c17,failed_unreachable,artifacts_unreachable,1,https://service.ncddc.noaa.gov/rdn/www/metadata-standards/metadata-xml/documents/CSDGM-to-ISO-Crosswalk-V1.xls,https://service.ncddc.noaa.gov/rdn/www/metadata-standards/metadata-xml/documents/CSDGM-to-ISO-Crosswalk-V1.xls,service.ncddc.noaa.gov,.xls,document,fetch_error,,
rdamsc_c17,msc:c17,failed_unreachable,artifacts_unreachable,2,https://service.ncddc.noaa.gov/rdn/www/metadata-standards/metadata-xml/documents/csdgm2iso19115-2.xslt,https://service.ncddc.noaa.gov/rdn/www/metadata-standards/metadata-xml/documents/csdgm2iso19115-2.xslt,service.ncddc.noaa.gov,.xslt,library (XML),fetch_error,,
rdamsc_c18,msc:c18,failed_parse,no_rules_extracted,1,http://www.bgbm.org/tdwg/codata/Schema/Mappings/HISPID3.htm,http://www.bgbm.org/tdwg/codata/Schema/Mappings/HISPID3.htm,www.bgbm.org,.htm,document,fetched,text/html,131953
rdamsc_c19,msc:c19,failed_parse,no_rules_extracted,1,https://github.com/ISA-tools/MAGEtoISAconverter/,https://github.com/ISA-tools/MAGEtoISAconverter/,github.com,(none),document,fetched,text/html; charset=utf-8,10913
rdamsc_c20,msc:c20,ready,,1,http://web.archive.org/web/20110523210427/http://www.gogeo.ac.uk/files/GoGeo%20to%20DDI%20to%20ISO%20mapping.pdf,http://web.archive.org/web/20110523210427/http://www.gogeo.ac.uk/files/GoGeo%20to%20DDI%20to%20ISO%20mapping.pdf,web.archive.org,.pdf,document,fetched,application/pdf,100413
rdamsc_c21,msc:c21,ready,,1,http://www.loc.gov/marc/marc2dc.html,http://www.loc.gov/marc/marc2dc.html,www.loc.gov,.html,document,fetched,text/html; charset=utf-8,8049
rdamsc_c22,msc:c22,ready,,1,http://wiki.esipfed.org/index.php/Attribute_Convention_for_Data_Discovery_Mappings,http://wiki.esipfed.org/index.php/Attribute_Convention_for_Data_Discovery_Mappings,wiki.esipfed.org,(none),document,fetched,text/html; charset=utf-8,25544
rdamsc_c22,msc:c22,ready,,2,https://github.com/Unidata/threddsIso/raw/master/src/main/resources/xsl/nciso/UnidataDD2MI.xsl,https://raw.githubusercontent.com/Unidata/threddsIso/master/src/main/resources/xsl/nciso/UnidataDD2MI.xsl,raw.githubusercontent.com,.xsl,library (XML),fetched,text/plain; charset=utf-8,133908
rdamsc_c23,msc:c23,failed_parse,no_rules_extracted,1,http://www.bgbm.org/tdwg/codata/Schema/ABCD_1.30/OECD-MDS-2-ABCD130.pdf,http://www.bgbm.org/tdwg/codata/Schema/ABCD_1.30/OECD-MDS-2-ABCD130.pdf,www.bgbm.org,.pdf,document,fetched,application/pdf,5200
rdamsc_c24,msc:c24,ready,,1,https://spase-group.org/tools/stylesheet/oai.xsl,https://spase-group.org/tools/stylesheet/oai.xsl,spase-group.org,.xsl,library (XML),fetched,application/xml,2770
rdamsc_c24,msc:c24,ready,,2,https://web.archive.org/web/20150907175700/http://www.spase-group.org/tools/stylesheet/oai/,https://web.archive.org/web/20150907175700/http://www.spase-group.org/tools/stylesheet/oai/,web.archive.org,(none),document,fetched,text/html,2956
rdamsc_c26,msc:c26,ready,,1,http://www.loc.gov/standards/mods/dcsimple-mods.html,http://www.loc.gov/standards/mods/dcsimple-mods.html,www.loc.gov,.html,document,fetched,text/html; charset=utf-8,13546
rdamsc_c26,msc:c26,ready,,2,http://www.loc.gov/standards/mods/v3/MODS3-5_DC_XSLT2-0.xsl,http://www.loc.gov/standards/mods/v3/MODS3-5_DC_XSLT2-0.xsl,www.loc.gov,.xsl,library (XML),fetched,application/xslt+xml,12944
rdamsc_c27,msc:c27,ready,,1,http://www.loc.gov/standards/mods/mods-dcsimple.html,http://www.loc.gov/standards/mods/mods-dcsimple.html,www.loc.gov,.html,document,fetched,text/html; charset=utf-8,6428
rdamsc_c27,msc:c27,ready,,2,http://www.loc.gov/standards/mods/v3/DC_MODS3-5_XSLT2-0.xsl,http://www.loc.gov/standards/mods/v3/DC_MODS3-5_XSLT2-0.xsl,www.loc.gov,.xsl,library (XML),fetched,application/xslt+xml,28715
rdamsc_c28,msc:c28,failed_parse,no_rules_extracted,1,http://www.loc.gov/standards/mods/v3/mods-mapping-3-6.html,http://www.loc.gov/standards/mods/v3/mods-mapping-3-6.html,www.loc.gov,.html,document,fetched,text/html; charset=utf-8,47941
rdamsc_c28,msc:c28,failed_parse,no_rules_extracted,2,http://www.loc.gov/standards/mods/v3/MARC21slim_MODS3-6_XSLT2-0.xsl,http://www.loc.gov/standards/mods/v3/MARC21slim_MODS3-6_XSLT2-0.xsl,www.loc.gov,.xsl,library (XML),fetched,application/xslt+xml,200000
rdamsc_c29,msc:c29,failed_parse,no_rules_extracted,1,http://www.loc.gov/standards/mods/v3/mods2marc-mapping-3-5.html,http://www.loc.gov/standards/mods/v3/mods2marc-mapping-3-5.html,www.loc.gov,.html,document,fetched,text/html; charset=utf-8,43840
rdamsc_c29,msc:c29,failed_parse,no_rules_extracted,2,http://www.loc.gov/standards/mods/v3/MODS3-4_MARC21slim_XSLT2-0.xsl,http://www.loc.gov/standards/mods/v3/MODS3-4_MARC21slim_XSLT2-0.xsl,www.loc.gov,.xsl,library (XML),fetched,application/xslt+xml,83936
rdamsc_c3,msc:c3,failed_parse,no_rules_extracted,1,http://rs.tdwg.org/dwc/terms/history/dwctoabcd/,http://rs.tdwg.org/dwc/terms/history/dwctoabcd/,rs.tdwg.org,(none),document,fetched,text/html; charset=utf-8,7160
rdamsc_c30,msc:c30,ready,,1,https://www.ands.org.au/__data/assets/file/0011/397235/anzlic-rifcs.zip,https://www.ands.org.au/__data/assets/file/0011/397235/anzlic-rifcs.zip,www.ands.org.au,.zip,library (XML),fetched,text/html; charset=utf-8,19017
rdamsc_c31,msc:c31,failed_unreachable,artifacts_unreachable,1,https://www.ands.org.au/__data/assets/file/0005/397238/mcp-rifcs.zip,https://www.ands.org.au/__data/assets/file/0005/397238/mcp-rifcs.zip,www.ands.org.au,.zip,library (XML),fetch_error,,
rdamsc_c32,msc:c32,ready,,1,https://www.ands.org.au/__data/assets/file/0004/397237/dublincore-rifcs.zip,https://www.ands.org.au/__data/assets/file/0004/397237/dublincore-rifcs.zip,www.ands.org.au,.zip,library (XML),fetched,text/html; charset=utf-8,19017
rdamsc_c33,msc:c33,ready,,1,https://cidoc-crm.org/Resources/mappings-between-lido-v1.0-and-cidoc-crm-v6.0-in-x3ml-ver.1,https://cidoc-crm.org/Resources/mappings-between-lido-v1.0-and-cidoc-crm-v6.0-in-x3ml-ver.1,cidoc-crm.org,.1,document,fetched,text/html; charset=utf-8,5178
rdamsc_c34,msc:c34,failed_parse,no_rules_extracted,1,https://www.cidoc-crm.org/sites/default/files/midas_map.xls,https://www.cidoc-crm.org/sites/default/files/midas_map.xls,www.cidoc-crm.org,.xls,document,fetched,application/vnd.ms-excel,111653
rdamsc_c35,msc:c35,ready,,1,https://www.cidoc-crm.org/sites/default/files/WP5-T5_5-DC2CRMmapping-060728v0_2-final.doc,https://www.cidoc-crm.org/sites/default/files/WP5-T5_5-DC2CRMmapping-060728v0_2-final.doc,www.cidoc-crm.org,.doc,document,fetched,application/msword,75736
rdamsc_c35,msc:c35,ready,,2,https://www.cidoc-crm.org/sites/default/files/dc_to_crm_mapping.pdf,https://www.cidoc-crm.org/sites/default/files/dc_to_crm_mapping.pdf,www.cidoc-crm.org,.pdf,document,fetched,application/pdf,130916
rdamsc_c35,msc:c35,ready,,3,https://www.cidoc-crm.org/sites/default/files/dc_to_crm_mapping.rtf,https://www.cidoc-crm.org/sites/default/files/dc_to_crm_mapping.rtf,www.cidoc-crm.org,.rtf,document,fetched,application/rtf,103927
rdamsc_c36,msc:c36,ready,,1,https://www.cidoc-crm.org/sites/default/files/WP5-T5_5-ead2crm-mapping-060728v0_2-final.doc,https://www.cidoc-crm.org/sites/default/files/WP5-T5_5-ead2crm-mapping-060728v0_2-final.doc,www.cidoc-crm.org,.doc,document,fetched,application/msword,62219
rdamsc_c36,msc:c36,ready,,2,https://www.cidoc-crm.org/sites/default/files/ead.rtf,https://www.cidoc-crm.org/sites/default/files/ead.rtf,www.cidoc-crm.org,.rtf,document,fetched,application/rtf,200000
rdamsc_c37,msc:c37,ready,,1,https://www.cidoc-crm.org/sites/default/files/UNIMARCB_CRM.zip,https://www.cidoc-crm.org/sites/default/files/UNIMARCB_CRM.zip,www.cidoc-crm.org,.zip,document,fetched,application/zip,200000
rdamsc_c38,msc:c38,ready,,1,https://ec-jrc.github.io/datacite-to-dcat-ap/,https://ec-jrc.github.io/datacite-to-dcat-ap/,ec-jrc.github.io,(none),document,fetched,text/html; charset=utf-8,68257
rdamsc_c38,msc:c38,ready,,2,https://github.com/ec-jrc/datacite-to-dcat-ap,https://github.com/ec-jrc/datacite-to-dcat-ap,github.com,(none),document,fetched,text/html; charset=utf-8,12253
rdamsc_c4,msc:c4,failed_unreachable,artifacts_unreachable,1,http://schema.datacite.org/meta/kernel-2.2/doc/DataCite-MetadataKernel_v2.2.pdf,http://schema.datacite.org/meta/kernel-2.2/doc/DataCite-MetadataKernel_v2.2.pdf,schema.datacite.org,.pdf,document,fetch_error,,
rdamsc_c6,msc:c6,failed_unreachable,artifacts_unreachable,1,http://schema.datacite.org/meta/kernel-2.2/doc/DataCite-MetadataKernel_v2.2.pdf,http://schema.datacite.org/meta/kernel-2.2/doc/DataCite-MetadataKernel_v2.2.pdf,schema.datacite.org,.pdf,document,fetch_error,,
rdamsc_c7,msc:c7,failed_unreachable,artifacts_unreachable,1,http://schema.datacite.org/meta/kernel-2.2/doc/DataCite-MetadataKernel_v2.2.pdf,http://schema.datacite.org/meta/kernel-2.2/doc/DataCite-MetadataKernel_v2.2.pdf,schema.datacite.org,.pdf,document,fetch_error,,
rdamsc_c8,msc:c8,failed_unreachable,artifacts_unreachable,1,http://www.ddialliance.org/resources/ddi-profiles/dc,http://www.ddialliance.org/resources/ddi-profiles/dc,www.ddialliance.org,(none),document,fetch_error,,
rdamsc_c9,msc:c9,failed_unreachable,artifacts_unreachable,1,http://gcmd.nasa.gov/add/standards/dublin_to_dif.html,http://gcmd.nasa.gov/add/standards/dublin_to_dif.html,gcmd.nasa.gov,.html,document,fetch_error,,
