crosswalk_id,msc_id,url,host,http_status,reason,exception_class,error_detail,content_type,size_bytes,sha256,resolved_url,num_attempts,checked_at
rdamsc_c1,c1,http://www.bgbm.org/tdwg/CODATA/Schema/Mappings/DwCAndExtensions.htm,www.bgbm.org,200,ok,,,text/html,61257,4fca5775fce79d8a6f31659c10644d34f57db97f9ac83dddb54d29ed810f965e,https://www.bgbm.org/tdwg/CODATA/Schema/Mappings/DwCAndExtensions.htm,1,2026-09-29T13:17:15.170455+00:00
rdamsc_c10,c10,http://gcmd.nasa.gov/add/standards/difiso.html,gcmd.nasa.gov,,connection_error,connection_error,"HTTPSConnectionPool(host='gcmd.nasa.gov', port=443): Max retries exceeded with url: /add/standards/difiso.html (Caused by NameResolutionError(""HTTPSConnection(host='gcmd.nasa.gov', port=443): Failed to resolve 'gcmd.nasa.gov' ([Errno -3] Temporary failure in name resolution)""))",,,,https://gcmd.nasa.gov/add/standards/difiso.html,6,2026-09-29T13:17:36.575370+00:00
rdamsc_c11,c11,http://www.loc.gov/marc/dccross.html,www.loc.gov,403,http_403,http_403,403 Client Error: Forbidden for url: https://www.loc.gov/marc/dccross.html,,,,https://www.loc.gov/marc/dccross.html,6,2026-09-29T13:17:57.885173+00:00
rdamsc_c12,c12,http://www.w3.org/TR/prov-dc/,www.w3.org,403,http_403,http_403,403 Client Error: Forbidden for url: https://www.w3.org/TR/prov-dc/,,,,https://www.w3.org/TR/prov-dc/,6,2026-09-29T13:18:19.898903+00:00
rdamsc_c13,c13,https://github.com/gbif/eml-profile/raw/master/eml2iso19139.xsl,github.com,200,ok,,,text/plain; charset=utf-8,16850,c2ef92e255766252183ef5fd126c5988b97519838491d080373d4bc141c90ac3,https://raw.githubusercontent.com/gbif/eml-profile/master/eml2iso19139.xsl,1,2026-09-29T13:18:20.384126+00:00
rdamsc_c14,c14,http://www.bgbm.org/tdwg/codata/Schema/Mappings/EURISCO-2-ABCD.pdf,www.bgbm.org,200,ok,,,application/pdf,160918,70f92110556290a8cf6d56724e758da3ea47dedd51788fa73b76f4da6215e83e,https://www.bgbm.org/tdwg/codata/Schema/Mappings/EURISCO-2-ABCD.pdf,1,2026-09-29T13:18:21.560768+00:00
rdamsc_c15,c15,https://service.ncddc.noaa.gov/rdn/www/metadata-standards/metadata-xml/documents/Biological-to-ISO-Crosswalk-V1.xls,service.ncddc.noaa.gov,,connection_reset,connection_reset,"('Connection aborted.', ConnectionResetError(104, 'Connection reset by peer'))",,,,https://service.ncddc.noaa.gov/rdn/www/metadata-standards/metadata-xml/documents/Biological-to-ISO-Crosswalk-V1.xls,3,2026-09-29T13:19:02.869917+00:00
rdamsc_c15,c15,https://service.ncddc.noaa.gov/rdn/www/metadata-standards/metadata-xml/documents/bio2iso19115-2.xslt,service.ncddc.noaa.gov,,connection_reset,connection_reset,"('Connection aborted.', ConnectionResetError(104, 'Connection reset by peer'))",,,,https://service.ncddc.noaa.gov/rdn/www/metadata-standards/metadata-xml/documents/bio2iso19115-2.xslt,3,2026-09-29T13:19:53.374166+00:00
rdamsc_c16,c16,http://gcmd.nasa.gov/add/standards/fgdc_to_dif.html,gcmd.nasa.gov,,connection_error,connection_error,"HTTPSConnectionPool(host='gcmd.nasa.gov', port=443): Max retries exceeded with url: /add/standards/fgdc_to_dif.html (Caused by NameResolutionError(""HTTPSConnection(host='gcmd.nasa.gov', port=443): Failed to resolve 'gcmd.nasa.gov' ([Errno -3] Temporary failure in name resolution)""))",,,,https://gcmd.nasa.gov/add/standards/fgdc_to_dif.html,6,2026-09-29T13:20:24.691362+00:00
rdamsc_c17,c17,https://service.ncddc.noaa.gov/rdn/www/metadata-standards/metadata-xml/documents/CSDGM-to-ISO-Crosswalk-V1.xls,service.ncddc.noaa.gov,,connection_reset,connection_reset,"('Connection aborted.', ConnectionResetError(104, 'Connection reset by peer'))",,,,https://service.ncddc.noaa.gov/rdn/www/metadata-standards/metadata-xml/documents/CSDGM-to-ISO-Crosswalk-V1.xls,3,2026-09-29T13:21:05.367083+00:00
rdamsc_c17,c17,https://service.ncddc.noaa.gov/rdn/www/metadata-standards/metadata-xml/documents/csdgm2iso19115-2.xslt,service.ncddc.noaa.gov,,connection_reset,connection_reset,"('Connection aborted.', ConnectionResetError(104, 'Connection reset by peer'))",,,,https://service.ncddc.noaa.gov/rdn/www/metadata-standards/metadata-xml/documents/csdgm2iso19115-2.xslt,3,2026-09-29T13:21:55.778042+00:00
rdamsc_c18,c18,http://www.bgbm.org/tdwg/codata/Schema/Mappings/HISPID3.htm,www.bgbm.org,200,ok,,,text/html,211344,ce959bbba401a3e0f8779a0eea0ab7b996b18c7aa4f55e7875af46bb515542ca,https://www.bgbm.org/tdwg/codata/Schema/Mappings/HISPID3.htm,1,2026-09-29T13:22:06.223256+00:00
rdamsc_c19,c19,https://github.com/ISA-tools/MAGEtoISAconverter/,github.com,200,ok,,,text/html; charset=utf-8,246289,d9d85a87fe7ffa7446fab3f59d0b8ff148df602050023012c41ad846bf4b6247,https://github.com/ISA-tools/MAGEtoISAconverter/,1,2026-09-29T13:22:06.984440+00:00
rdamsc_c2,c2,https://service.ncddc.noaa.gov/rdn/www/metadata-standards/metadata-xml/documents/fgdcrse2iso19115-2.xslt,service.ncddc.noaa.gov,,connection_reset,connection_reset,"('Connection aborted.', ConnectionResetError(104, 'Connection reset by peer'))",,,,https://service.ncddc.noaa.gov/rdn/www/metadata-standards/metadata-xml/documents/fgdcrse2iso19115-2.xslt,3,2026-09-29T13:22:48.565273+00:00
rdamsc_c20,c20,http://web.archive.org/web/20110523210427/http://www.gogeo.ac.uk/files/GoGeo%20to%20DDI%20to%20ISO%20mapping.pdf,web.archive.org,200,ok,,,application/pdf,176477,abc99c980611bdf57554f592a05078ff651378fc7b80ce99d57b40684c9ce6a9,http://web.archive.org/web/20110523210427/http://www.gogeo.ac.uk/files/GoGeo%20to%20DDI%20to%20ISO%20mapping.pdf,1,2026-09-29T13:22:59.178322+00:00
rdamsc_c21,c21,http://www.loc.gov/marc/marc2dc.html,www.loc.gov,403,http_403,http_403,403 Client Error: Forbidden for url: https://www.loc.gov/marc/marc2dc.html,,,,https://www.loc.gov/marc/marc2dc.html,6,2026-09-29T13:23:22.944446+00:00
rdamsc_c22,c22,http://wiki.esipfed.org/index.php/Attribute_Convention_for_Data_Discovery_Mappings,wiki.esipfed.org,404,http_404,http_404,404 Client Error: Not Found for url: https://wiki.esipfed.org/Index.php/Attribute_Convention_for_Data_Discovery_Mappings,,,,https://wiki.esipfed.org/index.php/Attribute_Convention_for_Data_Discovery_Mappings,6,2026-09-29T13:23:47.616147+00:00
rdamsc_c22,c22,https://github.com/Unidata/threddsIso/raw/master/src/main/resources/xsl/nciso/UnidataDD2MI.xsl,github.com,200,ok,,,text/plain; charset=utf-8,136016,12117ac7942c711440a282e9e74f0288b485a3dc551c9e52ce6343e236f924e6,https://raw.githubusercontent.com/Unidata/threddsIso/master/src/main/resources/xsl/nciso/UnidataDD2MI.xsl,2,2026-09-29T13:23:48.818414+00:00
rdamsc_c23,c23,http://www.bgbm.org/tdwg/codata/Schema/ABCD_1.30/OECD-MDS-2-ABCD130.pdf,www.bgbm.org,200,ok,,,application/pdf,120894,9582699c15453d87e0eaa6a8420e351df92168150d60ac279be0cb7f87b00947,https://www.bgbm.org/tdwg/codata/Schema/ABCD_1.30/OECD-MDS-2-ABCD130.pdf,1,2026-09-29T13:23:49.550210+00:00
rdamsc_c24,c24,https://spase-group.org/tools/stylesheet/oai.xsl,spase-group.org,200,ok,,,application/xml,2786,97c077e5a9f5841c63abe727ba8617103cd3210d102d1b20adbb82b8183f0ed7,https://spase-group.org/tools/stylesheet/oai.xsl,1,2026-09-29T13:23:50.337175+00:00
rdamsc_c24,c24,https://web.archive.org/web/20150907175700/http://www.spase-group.org/tools/stylesheet/oai/,web.archive.org,200,ok,,,text/html,7449,7726bbbae5229c110649fb64ba2f3536a2efc6bb8b61a63dbea106973d7b932b,https://web.archive.org/web/20150907175700/http://www.spase-group.org/tools/stylesheet/oai/,1,2026-09-29T13:23:50.654547+00:00
rdamsc_c26,c26,http://www.loc.gov/standards/mods/dcsimple-mods.html,www.loc.gov,403,http_403,http_403,403 Client Error: Forbidden for url: https://www.loc.gov/standards/mods/dcsimple-mods.html,,,,https://www.loc.gov/standards/mods/dcsimple-mods.html,6,2026-09-29T13:24:44.544280+00:00
rdamsc_c26,c26,http://www.loc.gov/standards/mods/v3/MODS3-5_DC_XSLT2-0.xsl,www.loc.gov,403,http_403,http_403,403 Client Error: Forbidden for url: https://www.loc.gov/standards/mods/v3/MODS3-5_DC_XSLT2-0.xsl,,,,https://www.loc.gov/standards/mods/v3/MODS3-5_DC_XSLT2-0.xsl,6,2026-09-29T13:25:05.490068+00:00
rdamsc_c27,c27,http://www.loc.gov/standards/mods/mods-dcsimple.html,www.loc.gov,403,http_403,http_403,403 Client Error: Forbidden for url: https://www.loc.gov/standards/mods/mods-dcsimple.html,,,,https://www.loc.gov/standards/mods/mods-dcsimple.html,6,2026-09-29T13:25:26.814733+00:00
rdamsc_c27,c27,http://www.loc.gov/standards/mods/v3/DC_MODS3-5_XSLT2-0.xsl,www.loc.gov,403,http_403,http_403,403 Client Error: Forbidden for url: https://www.loc.gov/standards/mods/v3/DC_MODS3-5_XSLT2-0.xsl,,,,https://www.loc.gov/standards/mods/v3/DC_MODS3-5_XSLT2-0.xsl,6,2026-09-29T13:25:47.771444+00:00
rdamsc_c28,c28,http://www.loc.gov/standards/mods/v3/mods-mapping-3-6.html,www.loc.gov,403,http_403,http_403,403 Client Error: Forbidden for url: https://www.loc.gov/standards/mods/v3/mods-mapping-3-6.html,,,,https://www.loc.gov/standards/mods/v3/mods-mapping-3-6.html,6,2026-09-29T13:26:09.095240+00:00
rdamsc_c28,c28,http://www.loc.gov/standards/mods/v3/MARC21slim_MODS3-6_XSLT2-0.xsl,www.loc.gov,403,http_403,http_403,403 Client Error: Forbidden for url: https://www.loc.gov/standards/mods/v3/MARC21slim_MODS3-6_XSLT2-0.xsl,,,,https://www.loc.gov/standards/mods/v3/MARC21slim_MODS3-6_XSLT2-0.xsl,6,2026-09-29T13:26:30.084453+00:00
rdamsc_c29,c29,http://www.loc.gov/standards/mods/v3/mods2marc-mapping-3-5.html,www.loc.gov,403,http_403,http_403,403 Client Error: Forbidden for url: https://www.loc.gov/standards/mods/v3/mods2marc-mapping-3-5.html,,,,https://www.loc.gov/standards/mods/v3/mods2marc-mapping-3-5.html,6,2026-09-29T13:26:51.426591+00:00
rdamsc_c29,c29,http://www.loc.gov/standards/mods/v3/MODS3-4_MARC21slim_XSLT2-0.xsl,www.loc.gov,403,http_403,http_403,403 Client Error: Forbidden for url: https://www.loc.gov/standards/mods/v3/MODS3-4_MARC21slim_XSLT2-0.xsl,,,,https://www.loc.gov/standards/mods/v3/MODS3-4_MARC21slim_XSLT2-0.xsl,6,2026-09-29T13:27:12.402746+00:00
rdamsc_c3,c3,http://rs.tdwg.org/dwc/terms/history/dwctoabcd/,rs.tdwg.org,200,ok,,,text/html; charset=utf-8,234338,56816c4a429275822addd85b7cbc083bbb462a98fc34072d33b8589a8fa20bab,https://github.com/tdwg/dwc/blob/master/vocabulary/term_versions.csv,1,2026-09-29T13:27:12.943712+00:00
rdamsc_c30,c30,https://www.ands.org.au/__data/assets/file/0011/397235/anzlic-rifcs.zip,www.ands.org.au,403,http_403,http_403,403 Client Error: Forbidden for url: https://www.ands.org.au/__data/assets/file/0011/397235/anzlic-rifcs.zip,,,,https://www.ands.org.au/__data/assets/file/0011/397235/anzlic-rifcs.zip,3,2026-09-29T13:27:34.968462+00:00
rdamsc_c31,c31,https://www.ands.org.au/__data/assets/file/0005/397238/mcp-rifcs.zip,www.ands.org.au,403,http_403,http_403,403 Client Error: Forbidden for url: https://www.ands.org.au/__data/assets/file/0005/397238/mcp-rifcs.zip,,,,https://www.ands.org.au/__data/assets/file/0005/397238/mcp-rifcs.zip,3,2026-09-29T13:27:55.957166+00:00
rdamsc_c32,c32,https://www.ands.org.au/__data/assets/file/0004/397237/dublincore-rifcs.zip,www.ands.org.au,403,http_403,http_403,403 Client Error: Forbidden for url: https://www.ands.org.au/__data/assets/file/0004/397237/dublincore-rifcs.zip,,,,https://www.ands.org.au/__data/assets/file/0004/397237/dublincore-rifcs.zip,3,2026-09-29T13:28:17.383924+00:00
rdamsc_c33,c33,https://cidoc-crm.org/Resources/mappings-between-lido-v1.0-and-cidoc-crm-v6.0-in-x3ml-ver.1,cidoc-crm.org,200,ok,,,text/html; charset=UTF-8,81803,713a48df4a6b0b6b2bee80d96fdcb1b971266a25fe665ecf7a89f1aadafced70,https://cidoc-crm.org/Resources/mappings-between-lido-v1.0-and-cidoc-crm-v6.0-in-x3ml-ver.1,1,2026-09-29T13:28:17.914325+00:00
rdamsc_c34,c34,https://www.cidoc-crm.org/sites/default/files/midas_map.xls,www.cidoc-crm.org,200,ok,,,application/vnd.ms-excel,101376,d11031a229df7acd0330d9bdba0660b32954e24397b14ac0f0c864feec2e9924,https://cidoc-crm.org//sites/default/files/midas_map.xls,1,2026-09-29T13:28:18.710105+00:00
rdamsc_c35,c35,https://www.cidoc-crm.org/sites/default/files/WP5-T5_5-DC2CRMmapping-060728v0_2-final.doc,www.cidoc-crm.org,200,ok,,,application/msword,450048,d4c3eadbc348eb3b7a019afbecc7344cd392c5f6193a2e50e63702d64492075e,https://cidoc-crm.org//sites/default/files/WP5-T5_5-DC2CRMmapping-060728v0_2-final.doc,1,2026-09-29T13:28:19.965073+00:00
rdamsc_c35,c35,https://www.cidoc-crm.org/sites/default/files/dc_to_crm_mapping.pdf,www.cidoc-crm.org,200,ok,,,application/pdf,188495,35aa82af0bf6442791160ac509979b8d03f552912c6c7cbb562ad515e26e074a,https://cidoc-crm.org//sites/default/files/dc_to_crm_mapping.pdf,1,2026-09-29T13:28:21.038037+00:00
rdamsc_c35,c35,https://www.cidoc-crm.org/sites/default/files/dc_to_crm_mapping.rtf,www.cidoc-crm.org,200,ok,,,application/rtf,105283,8b840e452a477c47ebfb9ea1ef2779b52b206a09624d7078db76ddc7698c4ef4,https://cidoc-crm.org//sites/default/files/dc_to_crm_mapping.rtf,1,2026-09-29T13:28:21.867383+00:00
rdamsc_c36,c36,https://www.cidoc-crm.org/sites/default/files/WP5-T5_5-ead2crm-mapping-060728v0_2-final.doc,www.cidoc-crm.org,200,ok,,,application/msword,1996288,5baafd735af217f56d031288f2311be5e033afb5c58395ae542858fb3136ac17,https://cidoc-crm.org//sites/default/files/WP5-T5_5-ead2crm-mapping-060728v0_2-final.doc,1,2026-09-29T13:28:23.163861+00:00
rdamsc_c36,c36,https://www.cidoc-crm.org/sites/default/files/ead.rtf,www.cidoc-crm.org,200,ok,,,application/rtf,1197783,ef85d2b1377df12cb70ef30024a678d0a547fb8e5972b6afe68838ee82c9b09d,https://cidoc-crm.org//sites/default/files/ead.rtf,1,2026-09-29T13:28:24.805816+00:00
rdamsc_c37,c37,https://www.cidoc-crm.org/sites/default/files/UNIMARCB_CRM.zip,www.cidoc-crm.org,200,ok,,,application/zip,106682,40ecf0f33d3dbe2a36e9b89348a408d2a52cd634b0d67f193480802a0e9b3080,https://cidoc-crm.org//sites/default/files/UNIMARCB_CRM.zip,1,2026-09-29T13:28:26.633467+00:00
rdamsc_c38,c38,https://ec-jrc.github.io/datacite-to-dcat-ap/,ec-jrc.github.io,200,ok,,,text/html; charset=utf-8,139934,f71e192e595694a40f3c296bbe35fac011904e26e230e25ef1b372978b0f0de0,https://ec-jrc.github.io/datacite-to-dcat-ap/,1,2026-09-29T13:28:27.903791+00:00
rdamsc_c38,c38,https://github.com/ec-jrc/datacite-to-dcat-ap,github.com,200,ok,,,text/html; charset=utf-8,257261,4792340f2a689a8e7f9d3a669c7e0dc3909b000587f1afe4348fdee7a6ed0742,https://github.com/ec-jrc/datacite-to-dcat-ap,1,2026-09-29T13:28:28.240295+00:00
rdamsc_c4,c4,http://schema.datacite.org/meta/kernel-2.2/doc/DataCite-MetadataKernel_v2.2.pdf,schema.datacite.org,404,http_404,http_404,404 Client Error: Not Found for url: https://schema.datacite.org/meta/kernel-2.2/doc/DataCite-MetadataKernel_v2.2.pdf,,,,https://schema.datacite.org/meta/kernel-2.2/doc/DataCite-MetadataKernel_v2.2.pdf,6,2026-09-29T13:28:51.067758+00:00
rdamsc_c5,c5,https://schema.datacite.org/meta/kernel-4.4/doc/DataCite_DublinCore_Mapping.pdf,schema.datacite.org,200,ok,,,application/pdf,257705,47c4787a1844f0f93e494105f33fca48a36cb3b60a30dc773125b6d1025a13ab,https://schema.datacite.org/meta/kernel-4.4/doc/DataCite_DublinCore_Mapping.pdf,1,2026-09-29T13:28:51.522533+00:00
rdamsc_c6,c6,http://schema.datacite.org/meta/kernel-2.2/doc/DataCite-MetadataKernel_v2.2.pdf,schema.datacite.org,404,http_404,http_404,404 Client Error: Not Found for url: https://schema.datacite.org/meta/kernel-2.2/doc/DataCite-MetadataKernel_v2.2.pdf,,,,https://schema.datacite.org/meta/kernel-2.2/doc/DataCite-MetadataKernel_v2.2.pdf,6,2026-09-29T13:29:13.018663+00:00
rdamsc_c7,c7,http://schema.datacite.org/meta/kernel-2.2/doc/DataCite-MetadataKernel_v2.2.pdf,schema.datacite.org,404,http_404,http_404,404 Client Error: Not Found for url: https://schema.datacite.org/meta/kernel-2.2/doc/DataCite-MetadataKernel_v2.2.pdf,,,,https://schema.datacite.org/meta/kernel-2.2/doc/DataCite-MetadataKernel_v2.2.pdf,6,2026-09-29T13:29:34.410727+00:00
rdamsc_c8,c8,http://www.ddialliance.org/resources/ddi-profiles/dc,www.ddialliance.org,404,http_404,http_404,404 Client Error: Not Found for url: https://ddialliance.org/resources/ddi-profiles/dc,,,,https://www.ddialliance.org/resources/ddi-profiles/dc,6,2026-09-29T13:29:57.839264+00:00
rdamsc_c9,c9,http://gcmd.nasa.gov/add/standards/dublin_to_dif.html,gcmd.nasa.gov,,connection_error,connection_error,"HTTPSConnectionPool(host='gcmd.nasa.gov', port=443): Max retries exceeded with url: /add/standards/dublin_to_dif.html (Caused by NameResolutionError(""HTTPSConnection(host='gcmd.nasa.gov', port=443): Failed to resolve 'gcmd.nasa.gov' ([Errno -3] Temporary failure in name resolution)""))",,,,https://gcmd.nasa.gov/add/standards/dublin_to_dif.html,6,2026-09-29T13:30:19.429740+00:00
